threshold,bf_mean
0.35,0.839421435470353
0.4,0.839421435470353
0.45,0.839421435470353
0.5,0.839421435470353
0.55,0.839421435470353
0.6,0.839421435470353
